{"cameraMode":{"drawMode":0,"name":"Shaded","section":"Shading Mode"},"sceneLighting":true,"audioPlay":false,"sceneViewState":{"showFog":true,"showMaterialUpdate":true,"showSkybox":true,"showFlares":true,"showImageEffects":true,"showParticleSystems":true},"in2DMode":false,"pivot":{"x":-14.300000190734864,"y":6.239738464355469,"z":-4.400000095367432},"rotation":{"x":0.26577523350715639,"y":0.1496397852897644,"z":-0.041800156235694888,"w":0.9514343738555908},"size":8.800524711608887,"orthographic":false}