{"cameraMode":{"drawMode":0,"name":"Shaded","section":"Shading Mode"},"sceneLighting":true,"audioPlay":false,"sceneViewState":{"showFog":true,"showMaterialUpdate":true,"showSkybox":true,"showFlares":true,"showImageEffects":true,"showParticleSystems":true},"in2DMode":false,"pivot":{"x":0.2721264362335205,"y":-0.4045257568359375,"z":-1.1093034744262696},"rotation":{"x":-0.6527658104896545,"y":0.010673180222511292,"z":-0.009208327159285546,"w":-0.7574368715286255},"size":62.98590087890625,"orthographic":false}