{"cameraMode":{"drawMode":0,"name":"Shaded","section":"Shading Mode"},"sceneLighting":true,"audioPlay":false,"sceneViewState":{"showFog":true,"showMaterialUpdate":true,"showSkybox":true,"showFlares":true,"showImageEffects":true,"showParticleSystems":true},"in2DMode":false,"pivot":{"x":0.461345374584198,"y":-0.2159423828125,"z":-0.3511037826538086},"rotation":{"x":-0.6333003044128418,"y":-0.0018589521059766412,"z":0.0015223639784380794,"w":-0.7739077806472778},"size":59.20037841796875,"orthographic":false}