{"cameraMode":{"drawMode":0,"name":"Shaded","section":"Shading Mode"},"sceneLighting":true,"audioPlay":false,"sceneViewState":{"showFog":true,"showMaterialUpdate":true,"showSkybox":true,"showFlares":true,"showImageEffects":true,"showParticleSystems":true},"in2DMode":false,"pivot":{"x":0.22900009155273438,"y":0.0009999871253967286,"z":3.0109996795654299},"rotation":{"x":0.12583357095718385,"y":-0.4213535487651825,"z":0.059163160622119907,"w":0.8961734771728516},"size":7.187567710876465,"orthographic":true}