{"cameraMode":{"drawMode":0,"name":"Shaded","section":"Shading Mode"},"sceneLighting":true,"audioPlay":false,"sceneViewState":{"showFog":true,"showMaterialUpdate":false,"showSkybox":true,"showFlares":true,"showImageEffects":true,"showParticleSystems":true},"in2DMode":false,"pivot":{"x":-3.5913116931915285,"y":2.040924072265625,"z":-4.308372497558594},"rotation":{"x":0.43304169178009035,"y":0.010816521942615509,"z":-0.0051958560943603519,"w":0.9012967348098755},"size":47.170265197753909,"orthographic":false}